image,scenario,foreground,prompts,should_exclude,rmbg_would,difficulty,description,benchmark_class
desk_setup.jpg,include,laptop_and_plant,the laptop with the potted plant,,unclear - no dominant subject,easy,Include two main items together,multi_object
desk_setup.jpg,exclude,without_phone,everything except the smartphone,smartphone|phone,unclear - no dominant subject,medium,Exclude one peripheral item,multi_object
desk_setup.jpg,narrow,just_the_laptop,only the laptop,,unclear - no dominant subject,easy,Narrow to the obvious main object,multi_object
desk_setup.jpg,include,full_desk_setup,the entire desk setup including glasses and notebook,,unclear - no dominant subject,medium,Include all items as a group,multi_object
home_office.jpg,include,workspace_setup,the desk setup with the chair,,the woman,easy,Include the furniture arrangement around the person,people
home_office.jpg,include,with_laptop,the woman with the laptop,,the woman,easy,Include one item RMBG might drop,people
home_office.jpg,include,woman_with_rug,the woman with the rug on the floor,,the woman,medium,Include person plus background surface RMBG would drop,people
home_office.jpg,exclude,without_lamp,the woman at her desk without the lamp behind her,lamp,the woman,medium,Exclude a peripheral element RMBG would include,people
yoga_studio.jpg,include,yoga_with_mat,the person with the yoga mat,,the woman,easy,Include the mat RMBG might or might not keep,people
yoga_studio.jpg,include,with_mat_and_plant,the person with the mat and the plant,,the woman,medium,Include multiple surrounding items RMBG would drop,people
yoga_studio.jpg,include,with_mat_and_candles,the person with the mat and the candles,,the woman,medium,Include mat plus nearby props,people
yoga_studio.jpg,narrow,just_the_person,just the person in the yoga pose,,the woman,easy,Narrow to just the person (RMBG default),people
yoga_studio.jpg,exclude,without_candles,the person on the mat without the candles,candles,the woman,medium,Exclude specific surrounding props,people
sneakers_on_boxes.jpg,narrow,just_the_sneakers,only the sneakers,,sneakers + boxes,medium,Drop the packaging under the product,product
sneakers_on_boxes.jpg,include,sneakers_with_boxes,the sneakers with the shoe boxes under them,,sneakers + boxes,easy,Keep product plus packaging,product
sneakers_on_boxes.jpg,narrow,sneakers_and_top_box,the sneakers and only the top shoe box,,sneakers + boxes,hard,Split two stacked identical boxes,product
sneakers_on_boxes.jpg,narrow,left_sneaker,only the sneaker on the left,,sneakers + boxes,hard,Separate one shoe from a touching pair,product
sneakers_plant.jpg,narrow,just_the_sneakers,only the sneakers,,sneakers + plant,easy,Drop the decor prop next to the product,product
sneakers_plant.jpg,include,sneakers_and_plant,the sneakers with the potted plant,,sneakers + plant,easy,Keep product plus prop,product
sneakers_plant.jpg,narrow,front_sneaker,only the sneaker in front,,sneakers + plant,hard,Separate one shoe from an overlapping pair,product
sneakers_plant.jpg,narrow,just_the_plant,only the potted plant,,sneakers + plant,easy,"Narrow to the prop, drop the product",product
dropper_bottles_rocks.jpg,narrow,just_the_bottles,only the three dropper bottles,,bottles + rocks,medium,Drop the rocks the products stand on,product
dropper_bottles_rocks.jpg,include,bottles_with_rocks,the bottles with the rocks they stand on,,bottles + rocks,easy,Keep the product display as a whole,product
dropper_bottles_rocks.jpg,narrow,tallest_bottle,only the tallest bottle in the middle,,bottles + rocks,medium,Narrow to one product of three,product
dropper_bottles_rocks.jpg,exclude,rocks_without_bottles,the rocks without the bottles,bottles|droppers,bottles + rocks,medium,"Keep the display props, drop the products",product
watch_flatlay.jpg,narrow,just_the_watch,only the watch,,unclear - no dominant subject,easy,Narrow a flat lay to the hero product,product
watch_flatlay.jpg,include,watch_and_glasses,the watch and the glasses,,unclear - no dominant subject,medium,Keep two accessories from a flat lay,product
watch_flatlay.jpg,exclude,without_plant,"the watch, glasses and coffee cup without the plant",plant|succulent,unclear - no dominant subject,medium,Exclude the decor prop,product
watch_flatlay.jpg,narrow,just_the_coffee,only the cup of coffee,,unclear - no dominant subject,easy,Narrow to one item,product
man_pug_mug.jpg,include,man_pug_and_mug,the man with the pug and the mug,,man + pug,easy,Keep the person and everything he holds,people
man_pug_mug.jpg,narrow,just_the_pug,only the pug,,man + pug,medium,Narrow to the animal held by the person,people
man_pug_mug.jpg,exclude,man_without_mug,the man and the pug without the mug,mug|cup,man + pug,medium,Exclude a small held object,people
man_pug_mug.jpg,exclude,man_without_pug,only the man without the dog,pug|dog,man + pug,hard,Remove an animal held against the body,people
man_bench_mountains.jpg,include,man_with_bench,the man with the bench he sits on,,the man,easy,Include the seat RMBG may drop,people
man_bench_mountains.jpg,exclude,man_without_bench,only the man without the bench,bench,the man,hard,Separate a person from the bench under him,people
man_bench_mountains.jpg,include,man_bench_and_grass,"the man, the bench and the grass in front of it",,the man,medium,Include the ground the scene stands on,people
courier_bench.jpg,include,man_and_bag,the man with the delivery bag,,the man,medium,Keep the person plus one object beside him,people
courier_bench.jpg,narrow,just_the_bicycle,only the bicycle,,the man,medium,Narrow to a thin-structured background object,people
courier_bench.jpg,exclude,man_without_bag,the man on the bench without the delivery bag,bag|delivery bag,the man,medium,Exclude an object right next to the person,people
courier_bench.jpg,include,man_bench_bag_bike,"the man, the bench, the bag and the bicycle",,the man,hard,Keep a full group including thin bike spokes,people
bedroom_desk.jpg,narrow,just_the_bed,only the bed with its pillows,,unclear - no dominant subject,medium,Narrow a room to one furniture piece,interior
bedroom_desk.jpg,include,chair_and_desk,the chair and the desk,,unclear - no dominant subject,medium,Keep the work corner,interior
bedroom_desk.jpg,exclude,without_shelves,the bed and the chair without the wall shelves,shelves|shelving,unclear - no dominant subject,medium,Exclude built-in storage,interior
bedroom_desk.jpg,narrow,just_the_chair,only the chair,,unclear - no dominant subject,easy,Narrow to a single object with thin legs,interior
armchair_lamp.jpg,narrow,just_the_armchair,only the armchair,,armchair + lamp,easy,Narrow to the main object,interior
armchair_lamp.jpg,include,armchair_and_lamp,the armchair and the floor lamp,,armchair + lamp,easy,Keep both furniture pieces,interior
armchair_lamp.jpg,narrow,just_the_lamp,only the floor lamp,,armchair + lamp,easy,Narrow to the thin tall object,interior
reading_corner.jpg,include,armchair_and_lamp,the armchair and the floor lamp,,unclear - no dominant subject,medium,Keep two furniture pieces from a corner,interior
reading_corner.jpg,narrow,shelf_and_plant,only the wooden shelf with the plant,,unclear - no dominant subject,medium,Narrow to the shelf unit,interior
reading_corner.jpg,exclude,without_rug,the furniture without the rug,rug,unclear - no dominant subject,medium,Exclude the floor covering,interior
reading_corner.jpg,narrow,just_the_armchair,only the blue armchair,,unclear - no dominant subject,easy,Narrow to one object,interior
breakfast_plate.jpg,narrow,just_the_coffee,only the cup of coffee,,unclear - no dominant subject,easy,Narrow to one item,multi_object
breakfast_plate.jpg,include,plate_and_coffee,the plate of food and the coffee cup,,unclear - no dominant subject,medium,Keep two separate items,multi_object
breakfast_plate.jpg,exclude,without_cutlery,the plate and the coffee without the knife and fork,knife|fork|cutlery,unclear - no dominant subject,medium,Exclude thin objects touching the plate,multi_object
breakfast_plate.jpg,narrow,just_the_egg_cup,only the egg in the egg cup,,unclear - no dominant subject,medium,Narrow to a small item,multi_object
laptop_pears.jpg,narrow,just_the_laptop,only the laptop,,laptop + pears,easy,Narrow to the main object,multi_object
laptop_pears.jpg,include,laptop_and_pears,the laptop with the two pears,,laptop + pears,easy,Keep all objects on the table,multi_object
laptop_pears.jpg,narrow,just_the_pears,only the two pears,,laptop + pears,medium,Narrow to the secondary objects,multi_object
laptop_pears.jpg,narrow,lying_pear,only the pear lying on its side,,laptop + pears,medium,Narrow to one of two similar objects,multi_object
